
[
  { "id": 1, "name": "Elena Rodriguez", "email": "elena.r@example.com", "avatar": "https://i.pravatar.cc/150?img=1", "status": "Ativo", "totalSpend": 2340, "lastSeen": "há 3 horas", "joinDate": "2023-05-21" },
  { "id": 2, "name": "Ben Carter", "email": "ben.carter@example.com", "avatar": "https://i.pravatar.cc/150?img=2", "status": "Em Risco", "totalSpend": 450, "lastSeen": "há 28 dias", "joinDate": "2024-01-10" },
  { "id": 3, "name": "Aisha Khan", "email": "aisha.k@example.com", "avatar": "https://i.pravatar.cc/150?img=3", "status": "Novo", "totalSpend": 75, "lastSeen": "há 1 dia", "joinDate": "2024-07-12" },
  { "id": 4, "name": "Marcus Chen", "email": "marcus.chen@example.com", "avatar": "https://i.pravatar.cc/150?img=4", "status": "Ativo", "totalSpend": 5600, "lastSeen": "há 1 dia", "joinDate": "2022-03-15" },
  { "id": 5, "name": "Sophia Loren", "email": "sophia.l@example.com", "avatar": "https://i.pravatar.cc/150?img=5", "status": "Cancelado", "totalSpend": 120, "lastSeen": "há 4 meses", "joinDate": "2023-08-01" },
  { "id": 6, "name": "David Miller", "email": "david.m@example.com", "avatar": "https://i.pravatar.cc/150?img=6", "status": "Ativo", "totalSpend": 1890, "lastSeen": "há 5 dias", "joinDate": "2023-02-11" },
  { "id": 7, "name": "Olivia Martinez", "email": "olivia.m@example.com", "avatar": "https://i.pravatar.cc/150?img=7", "status": "Em Risco", "totalSpend": 880, "lastSeen": "há 1 mês", "joinDate": "2023-11-30" },
  { "id": 8, "name": "Leo Kim", "email": "leo.kim@example.com", "avatar": "https://i.pravatar.cc/150?img=8", "status": "Novo", "totalSpend": 150, "lastSeen": "há 3 dias", "joinDate": "2024-07-10" },
  { "id": 9, "name": "Chloe Wilson", "email": "chloe.w@example.com", "avatar": "https://i.pravatar.cc/150?img=9", "status": "Ativo", "totalSpend": 3120, "lastSeen": "há 1 semana", "joinDate": "2021-12-01" },
  { "id": 10, "name": "Ethan Taylor", "email": "ethan.t@example.com", "avatar": "https://i.pravatar.cc/150?img=10", "status": "Cancelado", "totalSpend": 620, "lastSeen": "há 2 meses", "joinDate": "2023-01-25" },
  { "id": 11, "name": "Isabella Garcia", "email": "isabella.g@example.com", "avatar": "https://i.pravatar.cc/150?img=11", "status": "Ativo", "totalSpend": 4250, "lastSeen": "há 2 dias", "joinDate": "2022-09-14" },
  { "id": 12, "name": "Noah Brown", "email": "noah.b@example.com", "avatar": "https://i.pravatar.cc/150?img=12", "status": "Ativo", "totalSpend": 1980, "lastSeen": "há 4 dias", "joinDate": "2023-07-19" },
  { "id": 13, "name": "Mia Wong", "email": "mia.wong@example.com", "avatar": "https://i.pravatar.cc/150?img=13", "status": "Novo", "totalSpend": 25, "lastSeen": "há 22 horas", "joinDate": "2024-07-13" },
  { "id": 14, "name": "Liam Murphy", "email": "liam.m@example.com", "avatar": "https://i.pravatar.cc/150?img=14", "status": "Em Risco", "totalSpend": 320, "lastSeen": "há 19 dias", "joinDate": "2024-03-03" },
  { "id": 15, "name": "Ava Jones", "email": "ava.j@example.com", "avatar": "https://i.pravatar.cc/150?img=15", "status": "Ativo", "totalSpend": 750, "lastSeen": "há 10 dias", "joinDate": "2023-10-02" },
  { "id": 16, "name": "William Davis", "email": "william.d@example.com", "avatar": "https://i.pravatar.cc/150?img=16", "status": "Ativo", "totalSpend": 2800, "lastSeen": "ontem", "joinDate": "2022-06-28" },
  { "id": 17, "name": "Charlotte Lee", "email": "charlotte.l@example.com", "avatar": "https://i.pravatar.cc/150?img=17", "status": "Cancelado", "totalSpend": 95, "lastSeen": "há 3 meses", "joinDate": "2024-02-01" },
  { "id": 18, "name": "James Smith", "email": "james.s@example.com", "avatar": "https://i.pravatar.cc/150?img=18", "status": "Em Risco", "totalSpend": 510, "lastSeen": "há 25 dias", "joinDate": "2023-12-12" },
  { "id": 19, "name": "Harper Williams", "email": "harper.w@example.com", "avatar": "https://i.pravatar.cc/150?img=19", "status": "Novo", "totalSpend": 200, "lastSeen": "há 4 dias", "joinDate": "2024-07-09" },
  { "id": 20, "name": "Benjamin Harris", "email": "benjamin.h@example.com", "avatar": "https://i.pravatar.cc/150?img=20", "status": "Ativo", "totalSpend": 1550, "lastSeen": "há 6 dias", "joinDate": "2023-04-05" }
]
